{"noiseKey":{"private":{"type":"Buffer","data":"IKf7BhRjctxuys5RR6Jewu0pg9IfloL0MD/Howwp6nE="},"public":{"type":"Buffer","data":"2LFFdCACrYk3Po6H3mZQr8kYPAEmmc38JCjnYUYM5HY="}},"pairingEphemeralKeyPair":{"private":{"type":"Buffer","data":"mFY9tWfg8rPCbWGSyTPCje8bwq/6K6L7OjV1jsugvUY="},"public":{"type":"Buffer","data":"pJlYCoU+XOXZ5btn/ZFmAdHy4D7U3r39szrLYQQspHc="}},"signedIdentityKey":{"private":{"type":"Buffer","data":"QKOtFMiih5EEFAlRlz2qhvwMilj0Pt+6+47iCHl6iXc="},"public":{"type":"Buffer","data":"YqAFc25F1cFSUwg3gAZ2LB3k6611V4h0RtxvDN7bcw8="}},"signedPreKey":{"keyPair":{"private":{"type":"Buffer","data":"aBskmi27YfGAQJl7SqVPEy+/VdStskoqYsivkIsfRFY="},"public":{"type":"Buffer","data":"wioJoala0nNva+1Gs/KPstpXn/TcuG41obdilSbDxTk="}},"signature":{"type":"Buffer","data":"QAtXafDsTf2FpmPpdeZfO0F3TyRvjrCVbQohIb0ZZHnO4BXhE2b4YyTFY+/VWubAV8AOaj/tAOdDUnJo5+TFgA=="},"keyId":1},"registrationId":19,"advSecretKey":"+PEX3NtuowoUr95Qzz8ZkCiwx1z/BRLbMb1XGVUQ40g=","processedHistoryMessages":[{"key":{"remoteJid":"212658323376@s.whatsapp.net","fromMe":true,"id":"EF0D0C1D5F86D2203E9C45F873BB5CEA"},"messageTimestamp":1728936724},{"key":{"remoteJid":"212658323376@s.whatsapp.net","fromMe":true,"id":"ADAE4C0DA3326BB67B6DF9B84D623A11"},"messageTimestamp":1728936729}],"nextPreKeyId":31,"firstUnuploadedPreKeyId":31,"accountSyncCounter":1,"accountSettings":{"unarchiveChats":false},"deviceId":"ktJkO314SfeoGduGqjt4sw","phoneId":"a7635372-232f-4d31-97c4-02ba2ab59a38","identityId":{"type":"Buffer","data":"kk/X2UoB7sQ3sVzPCMfT8rg1fRk="},"registered":true,"backupToken":{"type":"Buffer","data":"wN+H70qUfenG2uwZfTDnF+5gGsc="},"registration":{},"pairingCode":"X8J3SZ7R","me":{"id":"212658323376:6@s.whatsapp.net","name":"Hunter_Spam","lid":"117029789024267:6@lid"},"account":{"details":"CLzn/tIFEIv2tbgGGAIgACgA","accountSignatureKey":"gQlp/phOtHC0U7rbh82apT5AZG6bQ1JkpPBJgyiRzSA=","accountSignature":"KboxfXOmDVyoqKwosGGVBaVb/4I1gTWT0uxVmkOtPfVyk8v2+wAhgzZBPKP3oIolBc2SV7AWb8GK1VtYgHx5Bw==","deviceSignature":"FHQdWhHycfaJdOM1hSJBc/T8ZqiLDtzD3CeQUowAcAG0BDQ3ZydJ5hjwdHTTRrP2j12PhLe4fVEuvjOgI8h0ig=="},"signalIdentities":[{"identifier":{"name":"212658323376:6@s.whatsapp.net","deviceId":0},"identifierKey":{"type":"Buffer","data":"BYEJaf6YTrRwtFO624fNmqU+QGRum0NSZKTwSYMokc0g"}}],"platform":"smba","routingInfo":{"type":"Buffer","data":"CAIIBQ=="},"lastAccountSyncTimestamp":1728936718,"lastPropHash":"28ZRla","myAppStateKeyId":"AAAAANbl"}